"step","detail","value"
"S0 local","validator accepts both paths","TRUE"
"S0b session","ready.json appeared after (s)","1.0"
"S0b session","pid / port","44452 / 52998"
"S1 arm","delay to armed=TRUE (s)","22.4"
"S2 import_file","elapsed (s)","3.1"
"S2 import_file","status","done"
"S2 import_file","snapshot","has_data=TRUE genes=17925 samples=18"
"S2 import_file","has_data (acceptance 11)","TRUE"
"S3 set_inputs","status","applied"
"S3 set_inputs","errors","<none>"
"S3 set_inputs","snapshot (data must survive)","has_data=TRUE genes=17925 samples=18"
"S4 DE run_pipeline","status","invalid"
"S4 DE run_pipeline","errors","button 'bulk-de-run_de' is bound but not ready: no bulk object loaded (shared_rv$filtered_counts is NULL)"
"S4 DE run_pipeline","snapshot at the same instant","has_data=TRUE genes=17925 samples=18"
"S5 Step-1 attempt","status","invalid"
"S5 Step-1 attempt","errors","module 'bulk' outside the v1 bulk pilot allowlist (allowed: import_bulk, bulk_de, bulk_pathways)"
"S6 snapshot","status","done"
"S6 snapshot","snapshot","has_data=TRUE genes=17925 samples=18"
"S7 console","drive lines found","2"
