"t_s","status","ready_fresh","ready_age_s"
0,NA,TRUE,1.2
1,"running",TRUE,1.3
2,"running",TRUE,2.3
3,"running",TRUE,3.3
4.1,"running",TRUE,4.3
5.1,"running",TRUE,5.3
6.1,"running",TRUE,6.3
7.1,"running",TRUE,7.3
8.1,"running",TRUE,8.4
9.1,"running",TRUE,9.4
10.1,"running",TRUE,10.4
11.1,"running",TRUE,11.4
12.2,"running",TRUE,12.4
13.2,"running",TRUE,13.4
14.2,"running",TRUE,14.4
15.2,"running",FALSE,15.4
16.2,"running",FALSE,16.4
17.2,"running",FALSE,17.5
18.2,"running",FALSE,18.5
19.2,"running",FALSE,19.5
20.3,"done",TRUE,0.5
